Blog Title,Slug (URL),Meta Title (SEO),Meta Description (SEO),Focus Keyword,Secondary Keywords,Category,Tags,Target Audience,Word Count (Target),H2 Headings (Outline),Internal Links,Status,Priority,Notes
How to Study in India from Nepal: Complete Guide 2025,study-in-india-from-nepal-guide,Study in India from Nepal 2025 – Complete Admission Guide | AIMS Global,"Step-by-step guide for Nepali students to study in India. Learn about top colleges, eligibility, fees, visa process & how AIMS Global can help.",study in India from Nepal,"India admission for Nepali students, study abroad Nepal, college in India Nepal",Study Abroad Guide,"India, Nepal, Admission, Study Abroad, Engineering, MBBS","Nepali students (+2 graduates, parents)",1800,Why Study in India? | Top Courses for Nepali Students | Top Cities | Admission Process | Documents Required | Fees & Scholarships | Role of Consultancy | FAQ,"/universities, /courses, /contact",Ready to Publish,High,Pillar content – link all university pages
Top Engineering Colleges in Bangalore for Nepali Students 2025,top-engineering-colleges-bangalore-nepali-students,Top Engineering Colleges in Bangalore for Nepali Students 2025 | AIMS Global,"Explore top engineering colleges in Bangalore accepting Nepali students. Compare fees, rankings, courses & apply through AIMS Global consultancy.",engineering colleges Bangalore for Nepali students,"VTU colleges, B.Tech Bangalore, BMS CMRIT Alliance engineering",Engineering,"B.Tech, Bangalore, Engineering, Karnataka, Nepali Students",Engineering aspirants from Nepal,1600,Why Bangalore for Engineering? | Top 10 Colleges (with details) | Admission Requirements | Fees Comparison | Placement Stats | How to Apply,"/universities?city=bangalore, /courses/btech",Ready to Publish,High,
"MBBS in India for Nepali Students: Colleges, Fees & Admission 2025",mbbs-india-nepali-students-admission-guide,"MBBS in India for Nepali Students 2025 – Top Colleges, Fees & Process","Want to study MBBS in India? Discover top medical colleges, NEET requirements, fees & admission process for Nepali students. AIMS Global guides you.",MBBS in India for Nepali students,"NEET for Nepal students, medical colleges India Nepal, MBBS admission",Medical,"MBBS, Medical, India, NEET, Nepal, Siddaganga, Sharda, Parul","Pre-med students, parents",2000,NEET Requirement for Nepali Students | Top MBBS Colleges | Fees Breakdown | Hostel & Facilities | AIMS Global Assistance | FAQ,"/universities?course=mbbs, /contact",Ready to Publish,High,Very high-value keyword – target for featured snippet
SRM University vs Amrita University: Which is Better for Nepali Students?,srm-university-vs-amrita-university-nepali-students,SRM vs Amrita University 2025 – Which is Better for Nepali Students?,"Detailed comparison of SRM University and Amrita University for Nepali students. Fees, rankings, courses, placements & more. Get expert advice from AIMS Global.",SRM vs Amrita University,"SRM University Nepal admission, Amrita University Nepal, top engineering India",Comparison,"SRM, Amrita, Chennai, Engineering, Comparison, Ranking",Students choosing between two top universities,1400,Overview | NIRF Rankings | Courses Offered | Fees Comparison | Placements | Campus Life | Which to Choose? | Apply with AIMS Global,"/universities/srm-institute-science-technology-chennai, /universities/amrita-vishwa-vidyapeetham-coimbatore",Draft,High,
"Parul University Admission 2025: Courses, Fees & Why Nepali Students Love It",parul-university-admission-nepali-students-2025,"Parul University 2025 – Admission for Nepali Students, Fees & Courses","Parul University in Vadodara is a top choice for Nepali students for B.Tech, MBA & MBBS. Learn about admission, fees & how to apply via AIMS Global.",Parul University for Nepali students,"Parul University Gujarat, Parul University MBBS, Parul University Nepal admission",University Guide,"Parul University, Gujarat, Engineering, MBBS, Nepal",Students interested in Parul University,1400,About Parul University | Why Choose Parul? | Popular Courses | Fees | Admission Process | Apply via AIMS Global,/universities/parul-university-vadodara-gujarat,Draft,High,
BMS College of Engineering vs CMRIT: Comparison for 2025 Admission,bms-college-engineering-vs-cmrit-bangalore,BMSCE vs CMRIT Bangalore 2025 – Complete Comparison for Admission,"Compare BMS College of Engineering and CMRIT Bangalore on rankings, fees, placements & cutoffs. Expert guidance from AIMS Global Nepal consultancy.",BMSCE vs CMRIT,"top engineering colleges Bangalore, VTU colleges, B.Tech Bangalore comparison",Comparison,"BMSCE, CMRIT, Bangalore, Engineering, VTU, Comparison",Engineering aspirants in Bangalore stream,1300,Overview Both Colleges | Rankings | Course Offerings | Fee Structure | Placement Data | Cutoff | Verdict | Apply,"/universities/bms-college-engineering-bangalore, /universities/cmr-institute-technology-cmrit-bangalore",Draft,Medium,
MBA in India for Nepali Students: Best Colleges & Admission 2025,mba-india-nepali-students-best-colleges,"MBA in India for Nepali Students 2025 – Top Colleges, Fees & CAT/MAT Guide","Planning MBA in India? Explore top MBA colleges accepting Nepali students, entrance exams, fees & career prospects. AIMS Global consultancy, Butwal.",MBA in India for Nepali students,"MBA colleges India Nepal, CAT for Nepal students, top MBA India 2025",Management,"MBA, India, Nepal, Management, Alliance, SRM, Amrita",Management aspirants from Nepal,1600,Why MBA in India? | Entrance Exams (CAT/MAT/XAT) | Top MBA Colleges | Fees | Career Scope | How to Apply | AIMS Global,"/courses/mba, /universities",Draft,High,
Study in Bangalore: A Complete Guide for Nepali Students 2025,study-in-bangalore-guide-nepali-students,"Study in Bangalore 2025 – Top Colleges, City Life & Admission Guide for Nepal","Thinking of studying in Bangalore? Discover top colleges, cost of living, student life & how AIMS Global helps Nepali students get admission easily.",study in Bangalore from Nepal,"Bangalore colleges for Nepal, study in Karnataka, Bangalore student life Nepal",City Guide,"Bangalore, Karnataka, City Guide, Study Abroad, Nepal",Students considering Bangalore,1500,Why Bangalore? | Top Colleges | Popular Courses | Cost of Living | Student Life | Admission Process | AIMS Global Help,/universities?city=bangalore,Draft,Medium,
How to Get Admission in Indian Colleges Without Agent Fraud: AIMS Global Guide,safe-india-admission-without-fraud-nepali-students,Safe India College Admission for Nepali Students – Avoid Fraud | AIMS Global,Avoid fake consultancies! Learn how to safely get admission in Indian colleges as a Nepali student. AIMS Global is a trusted consultancy in Butwal.,safe college admission India Nepal,"avoid fraud Nepal India admission, trusted consultancy Butwal, AIMS Global review",Tips & Safety,"Safety, Fraud, Nepal, Admission, Trusted Consultancy","Parents, worried students",1200,Risks of Fraud Consultancies | Red Flags to Avoid | Documents to Verify | How AIMS Global Operates | Contact Us,"/contact, /about",Draft,Medium,Trust-building content
Alliance University Bangalore: Complete Admission Guide for Nepali Students 2025,alliance-university-bangalore-admission-nepali-students,Alliance University Bangalore Admission 2025 for Nepali Students – AIMS Global,"Complete guide to getting admission at Alliance University Bangalore as a Nepali student. Courses, fees, eligibility & AIMS Global support.",Alliance University admission for Nepali students,"Alliance University Bangalore fees Nepal, Alliance University NAAC A+",University Guide,"Alliance University, Bangalore, Engineering, MBA, Law, Nepal",Students interested in Alliance University,1400,About Alliance University | Popular Courses | Fee Structure | Eligibility | Placement Record | Admission Process | Apply via AIMS Global,/universities/alliance-university-bangalore,Draft,Medium,
Sharda University MBBS 2025: Guide for Nepali Students,sharda-university-mbbs-nepali-students-2025,Sharda University MBBS 2025 – Admission Guide for Nepali Students | AIMS Global,"Complete guide for Nepali students applying for MBBS at Sharda University Greater Noida. Fees, eligibility, NEET cutoff & AIMS Global support.",Sharda University MBBS Nepal,"Sharda University MBBS fees, Sharda University NEET cutoff, MBBS Delhi NCR Nepal",Medical,"MBBS, Sharda University, Delhi, NEET, Nepal, Medical",Pre-medical students,1500,About Sharda University | MBBS Program Details | NEET Requirements | Fees & Scholarship | Campus Life | Apply via AIMS Global,/universities/sharda-university-greater-noida-delhi,Draft,High,MBBS is very high-value keyword
Top 10 Universities in South India for Nepali Students 2025,top-universities-south-india-nepali-students,Top 10 Universities in South India for Nepali Students 2025 | AIMS Global,"Discover the top 10 universities in South India – Tamil Nadu, Karnataka & AP – for Nepali students. Rankings, courses, fees & how to apply.",top universities South India for Nepali students,"South India colleges Nepal, Chennai colleges Nepal, Bangalore universities Nepal",Rankings & Lists,"South India, Rankings, Top Colleges, Tamil Nadu, Karnataka, Nepal",Students researching South Indian colleges,1800,Why South India? | Top 10 List (with rankings) | Course Highlights | Fees | How to Apply | AIMS Global,"/universities, /contact",Draft,High,Listicle – high traffic potential