University/College Name,City,State/Country,Type,NAAC Grade,NIRF Ranking,Popular Courses,Annual Fees (INR),Highest Package (LPA),Key Highlights,Official Website,Slug (URL),Meta Title (SEO),Meta Description (SEO),Is Featured?,Status
Alliance University,Bangalore,Karnataka,Private University,A+,"#71 Management, #20 Law (NIRF 2025)","B.Tech, MBA, BBA, BA LLB, B.Com",₹8L–₹20L,60.1 LPA,UGC recognised; QS World #274 South Asia 2026; 1000+ recruiters; 55-acre campus,https://www.alliance.edu.in,alliance-university-bangalore,"Alliance University Bangalore Admission 2025 – Fees, Courses & Rankings","Alliance University Bangalore offers B.Tech, MBA, Law & more. UGC-recognised, NAAC A+. Get admission guidance from AIMS Global Butwal.",Yes,Active
Akash Group of Institutions,Bangalore,Karnataka,Private College Group,—,—,"B.Tech, MBA, BCA, BBA, M.Tech",₹1.5L–₹4L,—,"Multiple campuses; Engineering, Technology, Management, Health Sciences, Professional courses",https://www.akashgroup.edu.in,akash-group-institutions-bangalore,"Akash Group of Institutions Bangalore – Courses, Fees & Admission","Akash Group offers Engineering, Management & Health Sciences in Bangalore. Apply through AIMS Global from Nepal.",No,Active
BMS Institute of Technology & Management (BMSIT),Bangalore,Karnataka,Private Engineering College,A,#Top 200 NIRF Eng,"B.Tech (CSE, ECE, EEE, ME, Civil), MBA, M.Tech",₹1.2L–₹2L/year,22 LPA,AICTE approved; VTU affiliated; strong industry connect; central Bangalore location,https://www.bmsit.ac.in,bms-institute-technology-management-bangalore,"BMSIT Bangalore Admission 2025 – B.Tech, MBA Fees & Courses",BMSIT Bangalore is a top engineering college affiliated to VTU. Explore B.Tech & MBA admissions via AIMS Global Nepal.,Yes,Active
BMS College of Engineering (BMSCE),Bangalore,Karnataka,Autonomous Engineering College,A++,#Ranked Top 100 NIRF Eng,"B.E./B.Tech, M.Tech, MBA",₹1.5L–₹2.5L/year,44 LPA,Est. 1946; Oldest private engineering college in Karnataka; VTU affiliated; NAAC A++,https://www.bmsce.ac.in,bms-college-engineering-bangalore,"BMS College of Engineering Bangalore – Admission, Fees & Rankings 2025","BMSCE is Karnataka's oldest private engineering college, NAAC A++. Secure admission through AIMS Global Butwal Nepal.",Yes,Active
Cambridge Institute of Technology (CIT),Bangalore,Karnataka,Private Engineering College,A,—,"B.E. (CSE, ECE, ME, Civil, ISE), M.Tech",₹1L–₹1.8L/year,18 LPA,VTU affiliated; strong placement record; Bangalore East location; modern labs,https://www.citblr.ac.in,cambridge-institute-technology-bangalore,Cambridge Institute of Technology Bangalore – B.E. Admission & Fees,CIT Bangalore is a VTU-affiliated engineering college. Get B.E. admission guidance from AIMS Global Nepal consultancy.,No,Active
Chennai Institute of Technology (CIT),Chennai,Tamil Nadu,Private Engineering College,A,#151-200 NIRF 2024,"B.E./B.Tech (CSE, ECE, IT, EEE, Mech), MBA, M.Tech",₹1.2L–₹1.8L/year,30 LPA,Anna University affiliated; NBA accredited depts; strong industry ties; Chennai location,https://www.citchennai.edu.in,chennai-institute-technology-chennai,"Chennai Institute of Technology – B.Tech Admission, Fees & Rankings",CIT Chennai is Anna University-affiliated with strong placements. Apply from Nepal via AIMS Global consultancy.,No,Active
CMR Institute of Technology (CMRIT),Bangalore,Karnataka,Private Engineering College,A+,#101-150 NIRF Eng 2024,"B.E./B.Tech (CSE, ECE, ISE, CSE-AI/ML), MBA, M.Tech",₹1.5L–₹2.5L/year,45 LPA,VTU affiliated; NAAC A+; strong CSE placements; Hebbal Bangalore location,https://cmrit.ac.in,cmr-institute-technology-cmrit-bangalore,"CMRIT Bangalore Admission 2025 – B.Tech, MBA Fees & Courses",CMRIT is a top VTU-affiliated engineering college in Bangalore. Get admission through AIMS Global Nepal consultancy.,Yes,Active
CMRU University (CMR University),Bangalore,Karnataka,Private University,A+,#Overall Top Private,"B.Tech, BBA, BCA, MBA, B.Sc, B.Com, BA",₹1.8L–₹5L/year,30 LPA,UGC recognised private university; multiple schools; Bangalore North; modern campus,https://www.cmru.ac.in,cmru-cmr-university-bangalore,"CMR University Bangalore – Admission, Courses, Fees & Rankings 2025",CMR University is a UGC-recognised private university in Bangalore with diverse UG/PG programs. Apply via AIMS Global.,No,Active
East West Group of Institutions,Bangalore,Karnataka,Private College Group,A,—,"B.Tech, BBA, BCA, MBA, MCA, B.Com",₹80K–₹1.5L/year,20 LPA,VTU affiliated; affordable fee structure; East Bangalore location; hostels available,https://www.ewit.edu.in,east-west-group-institutions-bangalore,"East West Group of Institutions Bangalore – Courses, Fees & Admission",East West Group Bangalore offers affordable engineering & management programs. Apply through AIMS Global Nepal.,No,Active
Easwari Engineering College,Chennai,Tamil Nadu,Private Engineering College,A,#Top 200 NIRF,"B.E./B.Tech (CSE, ECE, EEE, IT, Mech, Civil), M.Tech",₹80K–₹1.3L/year,25 LPA,Anna University affiliated; SRM group institution; established 1996; Chennai West,https://www.eec.edu.in,easwari-engineering-college-chennai,"Easwari Engineering College Chennai – B.E. Admission, Fees & Ranking",Easwari Engineering College is Anna University affiliated with top placements. Get guidance from AIMS Global Butwal.,No,Active
Mahendra Engineering College,Salem,Tamil Nadu,Private Engineering College,A,—,"B.E./B.Tech (CSE, ECE, EEE, Mech, Civil), MBA, M.Tech",₹70K–₹1L/year,15 LPA,Anna University affiliated; Salem district; residential campus; affordable fees,https://www.mahendra.college,mahendra-engineering-college-salem,"Mahendra Engineering College Salem – B.E. Admission, Fees & Courses",Mahendra Engineering College Salem is Anna University affiliated with affordable fees. Apply from Nepal via AIMS Global.,No,Active
Parul University,Vadodara,Gujarat,Private University,A+,#Top 100 NIRF Overall,"B.Tech, MBBS, BDS, Pharm.D, MBA, BBA, Law, Design",₹1.5L–₹7L/year,35 LPA,One of India's largest private universities; 50+ colleges; 300+ programs; Vadodara Gujarat; strong for medical,https://www.paruluniversity.ac.in,parul-university-vadodara-gujarat,"Parul University Vadodara – Admission 2025, Courses, Fees & Ranking",Parul University is one of India's largest private universities offering 300+ programs. Get admission via AIMS Global Nepal.,Yes,Active
Rathinam Technical Campus,Coimbatore,Tamil Nadu,Private College,A,—,"B.E./B.Tech (CSE, ECE, Mech, Civil), MBA, BBA, B.Sc",₹75K–₹1.2L/year,12 LPA,Anna University affiliated; Coimbatore; hostel & transport; affordable education,https://www.rathinam.in,rathinam-technical-campus-coimbatore,Rathinam Technical Campus Coimbatore – B.Tech Admission & Fees,Rathinam Technical Campus Coimbatore is Anna University affiliated. Apply from Nepal with AIMS Global consultancy.,No,Active
SB Group of Institutions,Bangalore,Karnataka,Private College Group,—,—,"B.Tech, BBA, B.Com, MBA, Diploma",₹70K–₹1.5L/year,—,VTU affiliated; multiple campuses in Bangalore; affordable education,https://www.sbgroupofinstitutions.com,sb-group-institutions-bangalore,"SB Group of Institutions Bangalore – Courses, Fees & Admission",SB Group Bangalore offers affordable VTU-affiliated engineering & management programs. Contact AIMS Global Nepal.,No,Active
Siddaganga Medical College & Research Institute,Tumkur,Karnataka,Medical College,A+,#Top Medical Colleges India,"MBBS, MD, MS, BDS, B.Pharm, Nursing",₹5L–₹15L/year,N/A (Medical),Rajiv Gandhi University of Health Sciences affiliated; strong clinical training; Tumkur Karnataka,https://www.sjmtrust.org/smch,siddaganga-medical-college-tumkur,"Siddaganga Medical College Tumkur – MBBS Admission, Fees & Seats",Siddaganga Medical College is one of Karnataka's top medical colleges for MBBS. Get admission guidance from AIMS Global.,Yes,Active
Shri Maruthi Group of Institutions,Bengaluru,Karnataka,Private College Group,—,—,"B.Tech, BCA, BBA, MBA, Polytechnic",₹60K–₹1.2L/year,—,VTU affiliated; multiple campuses; affordable; Karnataka,https://www.shrimaruthy.ac.in,shri-maruthi-group-institutions-karnataka,Shri Maruthi Group of Institutions Karnataka – Courses & Admission,Shri Maruthi Group offers affordable engineering & management in Karnataka. Apply through AIMS Global Nepal.,No,Active
Vel Tech Rangarajan Dr. Sagunthala R&D Institute of Science and Technology,Chennai,Tamil Nadu,Deemed University,A+,#Top 150 NIRF Eng,"B.Tech (CSE, ECE, Mech, Civil, AI/ML), MBA, M.Tech, Ph.D",₹1.2L–₹2.5L/year,32 LPA,UGC Deemed University; strong R&D focus; Chennai; NBA accredited programs,https://www.veltech.edu.in,vel-tech-university-chennai,"Vel Tech University Chennai – B.Tech Admission, Fees & Rankings 2025",Vel Tech is a NAAC A+ deemed university in Chennai with strong R&D programs. Apply from Nepal via AIMS Global.,Yes,Active
SRM University,Amaravati,Andhra Pradesh,Private University,A+,#Top 50 NIRF,"B.Tech, BBA, MBA, BCA, B.Sc, BA, Law",₹2L–₹5L/year,35 LPA,SRM Group; new campus in AP capital region; UGC recognised,https://www.srmuniversity.ac.in/amaravati,srm-university-amaravati-andhra-pradesh,"SRM University Amaravati – Admission 2025, Courses & Fees",SRM University Amaravati is a top private university in Andhra Pradesh. Get admission guidance from AIMS Global Nepal.,No,Active
SRM Institute of Science & Technology,Chennai,Tamil Nadu,Deemed University,A++,#20 NIRF Overall 2024,"B.Tech, MBBS, BDS, MBA, BBA, B.Sc, Law, Design",₹2L–₹10L/year,52.5 LPA,"Top 20 NIRF; QS World Top 800; NAAC A++; Kattankulathur Chennai; 52,000+ students",https://www.srmist.edu.in,srm-institute-science-technology-chennai,"SRM University Chennai (SRMIST) – Admission 2025, Courses & Rankings","SRMIST Chennai ranks #20 in India NIRF. Top programs in engineering, medical & management. Apply via AIMS Global Nepal.",Yes,Active
SRM Institute of Science & Technology,Tiruchirappalli,Tamil Nadu,Deemed University,A+,—,"B.Tech (CSE, ECE, Mech, Civil), MBA, M.Tech",₹1.5L–₹3L/year,28 LPA,SRM Group; Trichy campus; UGC Deemed; strong engineering programs,https://www.srmtrichy.edu.in,srm-institute-science-technology-trichy,"SRM Institute Trichy – B.Tech Admission, Fees & Courses 2025",SRM Trichy is a top deemed university with strong engineering & management programs. Apply from Nepal via AIMS Global.,No,Active
SRM TRP Engineering College,Tiruchirappalli,Tamil Nadu,Private Engineering College,A,—,"B.E./B.Tech (CSE, ECE, EEE, Mech, Civil), MBA, M.Tech",₹70K–₹1.2L/year,18 LPA,Anna University affiliated; Trichy; affordable; good campus facilities,https://www.srmtrp.ac.in,srm-trp-engineering-college-trichy,SRM TRP Engineering College Trichy – B.E. Admission & Fees,SRM TRP Engineering College is Anna University affiliated in Trichy. Get admission guidance from AIMS Global Nepal.,No,Active
Amrita Vishwa Vidyapeetham,Coimbatore,Tamil Nadu,Deemed University,A++,#7 NIRF Overall 2024,"B.Tech, MBBS, BDS, Pharm.D, MBA, BCA, B.Sc, Nursing",₹2L–₹12L/year,55 LPA,Top 10 NIRF India; 7 campuses; NAAC A++; QS World Top 700; excellent medical & engineering,https://www.amrita.edu,amrita-vishwa-vidyapeetham-coimbatore,Amrita University Coimbatore – Top #7 NIRF Admission 2025 Guide,"Amrita Vishwa Vidyapeetham ranks #7 in India NIRF. Apply for B.Tech, MBBS & more through AIMS Global Nepal consultancy.",Yes,Active
Sharda University,Greater Noida,Delhi NCR,Private University,A+,#Top 100 NIRF,"B.Tech, MBBS, BDS, MBA, BBA, Law, Design, Architecture",₹1.5L–₹10L/year,30 LPA,UGC recognised; 200+ programs; 80+ countries student diversity; Delhi NCR; strong for MBBS,https://www.sharda.ac.in,sharda-university-greater-noida-delhi,"Sharda University Delhi NCR – Admission 2025, Courses, Fees & Rankings",Sharda University in Greater Noida offers 200+ programs including MBBS & B.Tech. Apply from Nepal via AIMS Global.,Yes,Active
Amity University,Noida / Multiple,Delhi NCR & Multiple States,Private University,A+,#Top 50 NIRF,"B.Tech, BBA, MBA, Law, Journalism, Design, Biotechnology",₹2L–₹8L/year,45 LPA,India's largest private university group; 20+ campuses; UGC recognised; strong brand,https://www.amity.edu,amity-university-india,"Amity University India – Admission 2025, Courses, Fees & Rankings",Amity University is India's largest private university with campuses across India. Apply through AIMS Global Nepal.,Yes,Active
MM (Maharishi Markandeshwar) University,"Mullana, Ambala",Haryana,Deemed University,A+,#Top 100 NIRF,"MBBS, B.Tech, BDS, Pharm.D, BBA, MBA, Nursing, Law",₹1.5L–₹10L/year,30 LPA,UGC Deemed; strong for MBBS; NAAC A+; Haryana; good for Nepali students,https://mmumullana.org,maharishi-markandeshwar-mm-university-ambala,"MM University Ambala (MMU) – MBBS, B.Tech Admission 2025 & Fees",MM University Ambala is a top deemed university for MBBS & engineering. Apply from Nepal through AIMS Global Butwal.,Yes,Active
East Point Group of Institutions,Bangalore,Karnataka,Private College Group,A,—,"B.Tech, BBA, BCA, MBA, MCA, B.Com, B.Sc",₹80K–₹1.5L/year,22 LPA,VTU affiliated; Virgonagar Bangalore; affordable; hostel available; multiple colleges,https://www.eastpoint.ac.in,east-point-group-institutions-bangalore,"East Point Group of Institutions Bangalore – Courses, Fees & Admission",East Point Group Bangalore offers affordable VTU-affiliated programs. Apply through AIMS Global Nepal consultancy.,No,Active
Nagarjuna College of Engineering & Technology,Bangalore,Karnataka,Private Engineering College,A,—,"B.E./B.Tech (CSE, ECE, ME, Civil, ISE), MBA, M.Tech",₹90K–₹1.5L/year,20 LPA,VTU affiliated; Devanahalli Bangalore; near Kempegowda Airport; good placements,https://www.nagarjunaedu.org,nagarjuna-college-engineering-bangalore,Nagarjuna College of Engineering Bangalore – B.E. Admission & Fees,Nagarjuna College of Engineering is VTU affiliated near Bangalore airport. Apply through AIMS Global Nepal.,No,Active
Dhanvantari Group of Institutions,Bangalore,Karnataka,Private College Group,—,—,"B.Pharm, D.Pharm, B.Tech, BBA, MBA",₹60K–₹1.5L/year,—,Pharmacy & engineering focus; Karnataka; Rajiv Gandhi Health Sciences affiliated for pharma,https://www.dhanvantariedu.in,dhanvantari-group-institutions-bangalore,Dhanvantari Group of Institutions Bangalore – Pharmacy & Engineering Admission,Dhanvantari Group offers pharmacy & engineering programs in Karnataka. Get admission guidance from AIMS Global Nepal.,No,Active
BGS & SJB Group of Institutions,Bangalore,Karnataka,Private College Group,A,—,"B.Tech, MBBS, BDS, BBA, B.Pharm, MBA, Nursing",₹1L–₹8L/year,25 LPA,VTU/RGUHS affiliated; multiple colleges including medical; Kengeri Bangalore; affordable,https://www.sjbgroup.org,bgs-sjb-group-institutions-bangalore,"BGS & SJB Group Bangalore – Medical, Engineering & Management Admission","BGS & SJB Group Bangalore offers medical, engineering & management programs. Apply from Nepal via AIMS Global.",No,Active